{
  "num_episodes": 15,
  "num_updates": 20,
  "reward_config": "enhanced",
  "reward_stability": {
    "has_nan": false,
    "has_inf": false,
    "min_value": -0.025050429190737317,
    "max_value": 1.3957013992474394,
    "mean_value": 0.6862648533445106,
    "std_value": 0.4431622952069362
  },
  "convergence_trends": {
    "actor_loss_trend": 1,
    "critic_loss_trend": 1,
    "entropy_trend": 1,
    "total_reward_trend": -1
  },
  "metrics": {
    "actor_loss": [
      0.5968906352686825,
      0.46219996398097374,
      0.3622241243479453,
      0.28396808915025745,
      0.2363332552954874,
      0.20245463824911453,
      0.1708108060452619,
      0.16037677151696242,
      0.12477936484160077,
      0.13443440679972982,
      0.13111867875912878,
      0.10652743965239646,
      0.11235255955481639,
      0.10042008694535362,
      0.11990257595409162
    ],
    "critic_loss": [
      0.34967962627975435,
      0.29962989137520313,
      0.24047518726388284,
      0.1924488032051157,
      0.15558509154881806,
      0.1195971472583573,
      0.10406218781767623,
      0.10056942063470656,
      0.08413423295794287,
      0.08392986151245554,
      0.06780809609366928,
      0.05951681123615882,
      0.06924677287217601,
      0.05608118400142774,
      0.050225956964486104
    ],
    "entropy": [
      1.0992532657890222,
      1.0330627855093732,
      0.9436304263580665,
      0.8987624874625537,
      0.8469240067343308,
      0.7924997960072862,
      0.739037970661446,
      0.6784393205033225,
      0.6476050952995817,
      0.6135790692253716,
      0.5814115894179573,
      0.5437275590508899,
      0.562752500615581,
      0.4965550018708028,
      0.5303516395483125
    ],
    "total_reward": [
      -0.025050429190737317,
      0.07526903733691692,
      0.17286035183306728,
      0.2656971930790652,
      0.3769736423780017,
      0.48647284428111287,
      0.5664073635472543,
      0.6804260354696816,
      0.7981364827247948,
      0.9046770154295375,
      0.9855429200861506,
      1.1041856573047018,
      1.2019435745425384,
      1.304729712098133,
      1.3957013992474394
    ]
  }
}