{
  "baseline": {
    "episode_returns": [
      -0.021441376599804524,
      -0.021385486552981267,
      -0.023507991420448963
    ],
    "episode_lengths": [
      96,
      70,
      31
    ],
    "max_drawdowns": [
      0.021633398797018158,
      0.021200352443369593,
      0.02331269990705896
    ],
    "sharpe_ratios": [
      -79.8830027446637,
      -173.37913351267989,
      -212.8235202854144
    ],
    "reward_signal_mean": -0.0003367251501179429,
    "reward_signal_std": 0.0015944426788777183
  },
  "enhanced": {
    "episode_returns": [
      -0.09372443650323349,
      -0.06398889086236313,
      -0.067634769196711
    ],
    "episode_lengths": [
      77,
      61,
      62
    ],
    "max_drawdowns": [
      0.023439483489281675,
      0.024913253366777643,
      0.020637097139532126
    ],
    "sharpe_ratios": [
      -104.3127336524476,
      -146.07868568365285,
      -152.6989092827324
    ],
    "reward_signal_mean": -0.0011267404828115381,
    "reward_signal_std": 0.002277870090056204
  },
  "aggressive": {
    "episode_returns": [
      -0.12604813479584925,
      -0.44211466143002826,
      -0.11312328865834695
    ],
    "episode_lengths": [
      73,
      91,
      56
    ],
    "max_drawdowns": [
      0.022905379594151423,
      0.024857194642674857,
      0.023919671530933512
    ],
    "sharpe_ratios": [
      -84.5995021262432,
      -113.04185272940171,
      -173.2454297096067
    ],
    "reward_signal_mean": -0.003096754931291929,
    "reward_signal_std": 0.005192159868813836
  }
}