mean_return,std_return,min_return,max_return,mean_episode_length,mean_reward_signal,std_reward_signal,mean_max_drawdown,mean_sharpe,num_episodes,total_steps,config_name
-0.02211161819107825,0.0009876485782270496,-0.023507991420448963,-0.021385486552981267,65.66666666666667,-0.0003367251501179429,0.0015944426788777183,0.022048817049148906,-155.36188551425266,3,197,baseline
-0.07511603218743589,0.01324204517417566,-0.09372443650323349,-0.06398889086236313,66.66666666666667,-0.0011267404828115381,0.002277870090056204,0.022996611331863814,-134.36344287294426,3,200,enhanced
-0.22709536162807484,0.15213313769504938,-0.44211466143002826,-0.11312328865834695,73.33333333333333,-0.003096754931291929,0.005192159868813836,0.0238940819225866,-123.6289281884172,3,220,aggressive
